"type","date","date_time","repo","source"
"PushEvent",2021-02-08,"2021-02-08 21:47:27","epijim/pins_data","github.com"
"PushEvent",2021-02-08,"2021-02-08 21:53:34","epijim/pins_data","github.com"
"PushEvent",2021-02-08,"2021-02-08 21:53:37","epijim/pins_data","github.com"
"PushEvent",2021-02-09,"2021-02-09 08:35:57","epijim/FootballData","github.com"
"PushEvent",2021-02-09,"2021-02-09 08:59:30","epijim/FootballData","github.com"
"PushEvent",2021-02-10,"2021-02-10 21:03:37","epijim/epijim_code","github.com"
"PushEvent",2021-02-10,"2021-02-10 21:14:54","epijim/epijim_code","github.com"
"PushEvent",2021-02-10,"2021-02-10 21:16:15","epijim/epijim_code","github.com"
"PushEvent",2021-02-12,"2021-02-12 09:55:44","epijim/pins_data","github.com"
"PushEvent",2021-02-12,"2021-02-12 09:55:50","epijim/pins_data","github.com"
"PushEvent",2021-02-12,"2021-02-12 11:55:58","epijim/pins_data","github.com"
"PushEvent",2021-02-12,"2021-02-12 11:56:04","epijim/pins_data","github.com"
"PushEvent",2021-02-12,"2021-02-12 11:57:54","epijim/pins_data","github.com"
"PushEvent",2021-02-12,"2021-02-12 11:59:00","epijim/pins_data","github.com"
"PushEvent",2021-02-12,"2021-02-12 12:13:22","epijim/pins_data","github.com"
"PushEvent",2021-02-12,"2021-02-12 12:15:07","epijim/pins_data","github.com"
"PushEvent",2021-02-12,"2021-02-12 12:36:45","epijim/pins_data","github.com"
"PushEvent",2021-02-12,"2021-02-12 13:51:03","epijim/pins_data","github.com"
"PushEvent",2021-02-12,"2021-02-12 13:51:09","epijim/pins_data","github.com"
"PushEvent",2021-02-12,"2021-02-12 13:57:40","epijim/pins_data","github.com"
"PushEvent",2021-02-12,"2021-02-12 15:00:33","epijim/pins_data","github.com"
"PushEvent",2021-02-12,"2021-02-12 15:00:36","epijim/pins_data","github.com"
"PushEvent",2021-02-12,"2021-02-12 15:00:41","epijim/pins_data","github.com"
"PushEvent",2021-02-12,"2021-02-12 17:32:59","epijim/pins_data","github.com"
"PushEvent",2021-02-15,"2021-02-15 08:37:51","epijim/pins_data","github.com"
"PushEvent",2021-02-15,"2021-02-15 08:37:54","epijim/pins_data","github.com"
"PushEvent",2021-02-15,"2021-02-15 08:38:11","epijim/pins_data","github.com"
"PushEvent",2021-02-17,"2021-02-17 08:34:03","epijim/epijim_code","github.com"
"PushEvent",2021-02-17,"2021-02-17 08:37:06","epijim/epijim_code","github.com"
"PushEvent",2021-02-21,"2021-02-21 20:52:02","epijim/epijim_code","github.com"
"PushEvent",2021-02-22,"2021-02-22 08:38:02","epijim/pins_data","github.com"
"PushEvent",2021-02-22,"2021-02-22 08:38:04","epijim/pins_data","github.com"
"PushEvent",2021-02-22,"2021-02-22 08:38:40","epijim/pins_data","github.com"
"PushEvent",2021-02-25,"2021-02-25 14:04:27","epijim/epijim_code","github.com"
"IssuesEvent",2021-02-25,"2021-02-25 18:31:24","epijim/epijim_code","github.com"
"CreateEvent",2021-02-26,"2021-02-26 07:37:01","epijim/framework-quality","github.com"
"CreateEvent",2021-02-26,"2021-02-26 07:38:15","epijim/framework-quality","github.com"
"PushEvent",2021-02-26,"2021-02-26 11:15:17","epijim/pins_data","github.com"
"PushEvent",2021-02-26,"2021-02-26 11:15:19","epijim/pins_data","github.com"
"PushEvent",2021-02-26,"2021-02-26 11:15:27","epijim/pins_data","github.com"
"PushEvent",2021-02-26,"2021-02-26 12:24:15","epijim/pins_data","github.com"
"PushEvent",2021-02-26,"2021-02-26 12:24:17","epijim/pins_data","github.com"
"PushEvent",2021-02-26,"2021-02-26 12:24:27","epijim/pins_data","github.com"
"PushEvent",2021-02-26,"2021-02-26 14:34:32","openpharma/GithubMetrics","github.com"
"PushEvent",2021-02-26,"2021-02-26 14:34:47","openpharma/GithubMetrics","github.com"
"PushEvent",2021-02-26,"2021-02-26 14:35:53","epijim/FootballData","github.com"
"PushEvent",2021-02-26,"2021-02-26 14:36:09","epijim/FootballData","github.com"
"PushEvent",2021-02-26,"2021-02-26 14:41:09","epijim/FootballData","github.com"
"PushEvent",2021-02-26,"2021-02-26 14:44:46","openpharma/GithubMetrics","github.com"
"PushEvent",2021-02-26,"2021-02-26 14:49:28","openpharma/GithubMetrics","github.com"
"PushEvent",2021-02-26,"2021-02-26 15:17:33","openpharma/GithubMetrics","github.com"
"PushEvent",2021-02-26,"2021-02-26 15:17:46","epijim/FootballData","github.com"
"PushEvent",2021-02-26,"2021-02-26 15:25:07","epijim/FootballData","github.com"
"PushEvent",2021-02-26,"2021-02-26 15:30:07","epijim/FootballData","github.com"
"PushEvent",2021-02-26,"2021-02-26 15:33:26","epijim/FootballData","github.com"
"PushEvent",2021-02-26,"2021-02-26 19:53:54","epijim/FootballData","github.com"
"PushEvent",2021-02-27,"2021-02-27 08:37:40","epijim/epijim_code","github.com"
"PushEvent",2021-02-27,"2021-02-27 08:38:43","epijim/pins_data","github.com"
"PushEvent",2021-02-27,"2021-02-27 08:38:45","epijim/pins_data","github.com"
"PushEvent",2021-02-27,"2021-02-27 08:38:51","epijim/pins_data","github.com"
"PushEvent",2021-03-01,"2021-03-01 07:58:44","epijim/FootballData","github.com"
"PushEvent",2021-03-01,"2021-03-01 08:11:01","epijim/FootballData","github.com"
"PushEvent",2021-03-01,"2021-03-01 08:28:46","epijim/FootballData","github.com"
"PushEvent",2021-03-01,"2021-03-01 08:34:44","epijim/FootballData","github.com"
"PushEvent",2021-03-01,"2021-03-01 08:37:58","epijim/pins_data","github.com"
"PushEvent",2021-03-01,"2021-03-01 08:38:01","epijim/pins_data","github.com"
"PushEvent",2021-03-01,"2021-03-01 08:38:07","epijim/pins_data","github.com"
"PushEvent",2021-03-01,"2021-03-01 08:47:33","epijim/FootballData","github.com"
"PushEvent",2021-03-01,"2021-03-01 08:59:23","epijim/FootballData","github.com"
"PushEvent",2021-03-01,"2021-03-01 09:06:42","epijim/FootballData","github.com"
"PushEvent",2021-03-01,"2021-03-01 09:10:00","epijim/FootballData","github.com"
"PushEvent",2021-03-01,"2021-03-01 09:13:34","epijim/FootballData","github.com"
"PushEvent",2021-03-01,"2021-03-01 09:21:48","epijim/FootballData","github.com"
"PushEvent",2021-03-01,"2021-03-01 13:01:52","epijim/FootballData","github.com"
"CreateEvent",2021-03-01,"2021-03-01 14:35:20","openpharma/visR","github.com"
"PushEvent",2021-03-01,"2021-03-01 14:37:39","openpharma/visR","github.com"
"DeleteEvent",2021-03-01,"2021-03-01 14:40:09","openpharma/visR","github.com"
"DeleteEvent",2021-03-01,"2021-03-01 14:40:12","openpharma/visR","github.com"
"PushEvent",2021-03-01,"2021-03-01 14:41:58","openpharma/visR","github.com"
"PushEvent",2021-03-01,"2021-03-01 15:04:30","epijim/FootballData","github.com"
"PushEvent",2021-03-01,"2021-03-01 15:06:47","openpharma/visR","github.com"
"IssueCommentEvent",2021-03-01,"2021-03-01 15:46:38","openpharma/visR","github.com"
"PushEvent",2021-03-01,"2021-03-01 16:06:22","openpharma/visR","github.com"
"PushEvent",2021-03-02,"2021-03-02 08:51:40","openpharma/visR","github.com"
"PushEvent",2021-03-02,"2021-03-02 09:04:54","openpharma/visR","github.com"
"PushEvent",2021-03-02,"2021-03-02 12:19:21","openpharma/visR","github.com"
"IssueCommentEvent",2021-03-02,"2021-03-02 12:31:22","openpharma/visR","github.com"
"PushEvent",2021-03-02,"2021-03-02 14:27:18","openpharma/visR","github.com"
"PushEvent",2021-03-02,"2021-03-02 20:14:26","epijim/FootballData","github.com"
"PushEvent",2021-03-02,"2021-03-02 21:03:34","openpharma/visR","github.com"
"PushEvent",2021-03-02,"2021-03-02 21:13:18","openpharma/visR","github.com"
"PushEvent",2021-03-02,"2021-03-02 21:34:17","openpharma/visR","github.com"
"PushEvent",2021-03-02,"2021-03-02 21:49:27","openpharma/visR","github.com"
"PushEvent",2021-03-02,"2021-03-02 21:55:54","openpharma/visR","github.com"
"PushEvent",2021-03-03,"2021-03-03 07:36:05","openpharma/visR","github.com"
"IssueCommentEvent",2021-03-03,"2021-03-03 07:36:58","openpharma/visR","github.com"
"PushEvent",2021-03-03,"2021-03-03 07:48:07","openpharma/visR","github.com"
"PushEvent",2021-03-03,"2021-03-03 08:36:02","openpharma/visR","github.com"
"CreateEvent",2021-03-04,"2021-03-04 20:47:11","phcanalytics/framework-scientific-apps","github.com"
"PushEvent",2021-03-04,"2021-03-04 21:35:07","phcanalytics/framework-scientific-apps","github.com"
"PushEvent",2021-03-04,"2021-03-04 22:00:22","phcanalytics/framework-scientific-apps","github.com"
"MemberEvent",2021-03-04,"2021-03-04 22:04:29","phcanalytics/framework-scientific-apps","github.com"
"PushEvent",2021-03-04,"2021-03-04 22:06:45","phcanalytics/framework-scientific-apps","github.com"
"IssuesEvent",2021-03-04,"2021-03-04 22:22:25","phcanalytics/framework-scientific-apps","github.com"
"MemberEvent",2021-03-05,"2021-03-05 04:09:29","phcanalytics/framework-scientific-apps","github.com"
"MemberEvent",2021-03-05,"2021-03-05 10:06:42","phcanalytics/framework-scientific-apps","github.com"
"CreateEvent",2021-03-05,"2021-03-05 12:23:44","phcanalytics/framework-scientific-apps","github.com"
"PushEvent",2021-03-05,"2021-03-05 12:23:45","phcanalytics/framework-scientific-apps","github.com"
"DeleteEvent",2021-03-05,"2021-03-05 12:23:46","phcanalytics/framework-scientific-apps","github.com"
"PushEvent",2021-03-08,"2021-03-08 08:38:03","epijim/pins_data","github.com"
"PushEvent",2021-03-08,"2021-03-08 08:38:06","epijim/pins_data","github.com"
"PushEvent",2021-03-08,"2021-03-08 08:38:11","epijim/pins_data","github.com"
"MemberEvent",2021-03-08,"2021-03-08 14:39:05","phcanalytics/framework-scientific-apps","github.com"
"PushEvent",2021-03-10,"2021-03-10 12:24:47","phcanalytics/framework-scientific-apps","github.com"
"PushEvent",2021-03-11,"2021-03-11 18:24:13","openpharma/visR","github.com"
"PushEvent",2021-03-11,"2021-03-11 19:31:20","openpharma/visR","github.com"
"PushEvent",2021-03-11,"2021-03-11 20:19:07","openpharma/visR","github.com"
"PushEvent",2021-03-11,"2021-03-11 20:28:07","openpharma/visR","github.com"
"PushEvent",2021-03-11,"2021-03-11 20:56:38","openpharma/visR","github.com"
"PushEvent",2021-03-12,"2021-03-12 07:30:46","openpharma/visR","github.com"
"PushEvent",2021-03-12,"2021-03-12 07:52:54","openpharma/visR","github.com"
"CreateEvent",2021-03-12,"2021-03-12 12:57:28","PHC/PHC-901","github.roche.com"
"PushEvent",2021-03-13,"2021-03-13 20:57:24","epijim/pins_data","github.com"
"PushEvent",2021-03-13,"2021-03-13 20:57:27","epijim/pins_data","github.com"
"PushEvent",2021-03-13,"2021-03-13 20:57:36","epijim/pins_data","github.com"
"PushEvent",2021-03-13,"2021-03-13 20:58:06","epijim/epijim_code","github.com"
"PushEvent",2021-03-15,"2021-03-15 08:37:45","epijim/pins_data","github.com"
"PushEvent",2021-03-15,"2021-03-15 08:37:48","epijim/pins_data","github.com"
"PushEvent",2021-03-15,"2021-03-15 08:37:55","epijim/pins_data","github.com"
"CreateEvent",2021-03-19,"2021-03-19 06:45:09","openpharma/placeholder","github.com"
"MemberEvent",2021-03-19,"2021-03-19 06:46:29","openpharma/placeholder","github.com"
"PushEvent",2021-03-19,"2021-03-19 10:07:54","epijim/epijim_code","github.com"
"PushEvent",2021-03-19,"2021-03-19 10:32:41","epijim/epijim_code","github.com"
"PushEvent",2021-03-19,"2021-03-19 10:35:51","epijim/epijim_code","github.com"
"CreateEvent",2021-03-19,"2021-03-19 12:54:05","epijim/rinpharma","github.com"
"CreateEvent",2021-03-19,"2021-03-19 12:54:35","epijim/rinpharma","github.com"
"PushEvent",2021-03-19,"2021-03-19 13:04:41","epijim/rinpharma","github.com"
"ForkEvent",2021-03-21,"2021-03-21 08:09:36","RConsortium/r-pharma","github.com"
"MemberEvent",2021-03-22,"2021-03-22 05:21:56","openpharma/mimic-iii-gpt2","github.com"
"PushEvent",2021-03-22,"2021-03-22 08:38:00","epijim/pins_data","github.com"
"PushEvent",2021-03-22,"2021-03-22 08:38:02","epijim/pins_data","github.com"
"PushEvent",2021-03-22,"2021-03-22 08:38:17","epijim/pins_data","github.com"
"CreateEvent",2021-03-22,"2021-03-22 11:30:49","rinpharma/rinpharma-data","github.com"
"CreateEvent",2021-03-22,"2021-03-22 11:30:50","rinpharma/rinpharma-data","github.com"
"CreateEvent",2021-03-22,"2021-03-22 11:31:39","rinpharma/rinpharma-data","github.com"
"PushEvent",2021-03-22,"2021-03-22 11:38:46","rinpharma/rinpharma-data","github.com"
"DeleteEvent",2021-03-22,"2021-03-22 11:39:49","rinpharma/rinpharma-data","github.com"
"PushEvent",2021-03-22,"2021-03-22 19:34:03","rinpharma/rinpharma-data","github.com"
"PushEvent",2021-03-22,"2021-03-22 19:38:54","rinpharma/rinpharma-data","github.com"
"PushEvent",2021-03-22,"2021-03-22 19:42:02","rinpharma/rinpharma-data","github.com"
"PushEvent",2021-03-22,"2021-03-22 19:43:25","rinpharma/rinpharma-data","github.com"
"PushEvent",2021-03-22,"2021-03-22 19:48:48","rinpharma/rinpharma-data","github.com"
"PushEvent",2021-03-22,"2021-03-22 19:59:30","rinpharma/rinpharma-data","github.com"
"PushEvent",2021-03-22,"2021-03-22 21:25:53","rinpharma/rinpharma-data","github.com"
"PushEvent",2021-03-22,"2021-03-22 21:26:22","rinpharma/rinpharma-data","github.com"
"PushEvent",2021-03-22,"2021-03-22 21:35:36","epijim/rinpharma","github.com"
"CreateEvent",2021-03-22,"2021-03-22 21:36:49","epijim/r-pharma","github.com"
"PushEvent",2021-03-22,"2021-03-22 21:38:38","epijim/r-pharma","github.com"
"PushEvent",2021-03-22,"2021-03-22 21:48:47","epijim/r-pharma","github.com"
"PullRequestEvent",2021-03-22,"2021-03-22 21:49:46","epijim/r-pharma","github.com"
"PushEvent",2021-03-22,"2021-03-22 21:53:45","epijim/r-pharma","github.com"
"PullRequestEvent",2021-03-23,"2021-03-23 07:04:51","epijim/r-pharma","github.com"
"PushEvent",2021-03-23,"2021-03-23 07:04:54","epijim/r-pharma","github.com"
"PushEvent",2021-03-23,"2021-03-23 07:07:17","epijim/r-pharma","github.com"
"PushEvent",2021-03-23,"2021-03-23 07:11:57","epijim/r-pharma","github.com"
"CreateEvent",2021-03-23,"2021-03-23 08:19:13","epijim/r-pharma","github.com"
"PushEvent",2021-03-23,"2021-03-23 08:28:07","epijim/r-pharma","github.com"
"PushEvent",2021-03-23,"2021-03-23 09:14:27","epijim/r-pharma","github.com"
"PushEvent",2021-03-23,"2021-03-23 09:29:36","epijim/r-pharma","github.com"
"PushEvent",2021-03-23,"2021-03-23 11:47:57","epijim/r-pharma","github.com"
"PushEvent",2021-03-23,"2021-03-23 11:49:32","epijim/r-pharma","github.com"
"ForkEvent",2021-03-24,"2021-03-24 15:25:09","wowchemy/starter-research-group","github.com"
"CreateEvent",2021-03-24,"2021-03-24 21:55:04","epijim/r-pharma","github.com"
"PushEvent",2021-03-25,"2021-03-25 09:17:43","epijim/r-pharma","github.com"
"PushEvent",2021-03-25,"2021-03-25 09:20:56","epijim/r-pharma","github.com"
"PullRequestEvent",2021-03-25,"2021-03-25 09:22:34","epijim/r-pharma","github.com"
"PullRequestEvent",2021-03-25,"2021-03-25 10:34:27","epijim/r-pharma","github.com"
"PushEvent",2021-03-25,"2021-03-25 10:34:28","epijim/r-pharma","github.com"
"PushEvent",2021-03-25,"2021-03-25 11:17:35","epijim/r-pharma","github.com"
"PushEvent",2021-03-25,"2021-03-25 11:46:54","epijim/r-pharma","github.com"
"PushEvent",2021-03-25,"2021-03-25 12:23:33","epijim/r-pharma","github.com"
"PushEvent",2021-03-25,"2021-03-25 13:06:41","epijim/r-pharma","github.com"
"ForkEvent",2021-03-25,"2021-03-25 13:08:42","asciidoctor/docbookrx","github.com"
"DeleteEvent",2021-03-25,"2021-03-25 13:18:11","epijim/r-pharma","github.com"
"PushEvent",2021-03-25,"2021-03-25 13:36:43","epijim/r-pharma","github.com"
"PushEvent",2021-03-25,"2021-03-25 14:18:53","epijim/r-pharma","github.com"
"PushEvent",2021-03-25,"2021-03-25 14:35:29","rinpharma/rinpharma-data","github.com"
"PushEvent",2021-03-25,"2021-03-25 15:19:24","epijim/r-pharma","github.com"
"PushEvent",2021-03-25,"2021-03-25 19:19:47","epijim/r-pharma","github.com"
"PushEvent",2021-03-25,"2021-03-25 19:37:06","epijim/r-pharma","github.com"
"PushEvent",2021-03-25,"2021-03-25 19:47:13","epijim/r-pharma","github.com"
"CreateEvent",2021-03-25,"2021-03-25 21:56:48","epijim/r-pharma","github.com"
"PushEvent",2021-03-25,"2021-03-25 21:57:06","epijim/r-pharma","github.com"
"PushEvent",2021-03-25,"2021-03-25 22:10:57","rinpharma/rinpharma-data","github.com"
"PushEvent",2021-03-25,"2021-03-25 22:12:25","rinpharma/rinpharma-data","github.com"
"PushEvent",2021-03-25,"2021-03-25 22:22:27","rinpharma/rinpharma-data","github.com"
"PushEvent",2021-03-25,"2021-03-25 22:23:07","rinpharma/rinpharma-data","github.com"
"PushEvent",2021-03-25,"2021-03-25 22:23:51","rinpharma/rinpharma-data","github.com"
"PushEvent",2021-03-25,"2021-03-25 22:33:52","rinpharma/rinpharma-data","github.com"
"PushEvent",2021-03-25,"2021-03-25 22:34:58","rinpharma/rinpharma-data","github.com"
"PushEvent",2021-03-25,"2021-03-25 22:46:17","rinpharma/rinpharma-data","github.com"
"PushEvent",2021-03-26,"2021-03-26 07:37:53","epijim/r-pharma","github.com"
"CreateEvent",2021-03-26,"2021-03-26 10:51:23","epijim/r-pharma","github.com"
"PullRequestEvent",2021-03-26,"2021-03-26 10:51:57","epijim/r-pharma","github.com"
"PushEvent",2021-03-26,"2021-03-26 11:14:41","epijim/r-pharma","github.com"
"PushEvent",2021-03-26,"2021-03-26 11:56:56","epijim/r-pharma","github.com"
"PushEvent",2021-03-26,"2021-03-26 12:43:13","rinpharma/rinpharma-data","github.com"
"PushEvent",2021-03-26,"2021-03-26 12:43:49","epijim/r-pharma","github.com"
"PushEvent",2021-03-26,"2021-03-26 12:51:27","epijim/r-pharma","github.com"
"PushEvent",2021-03-26,"2021-03-26 13:05:55","epijim/r-pharma","github.com"
"PushEvent",2021-03-26,"2021-03-26 13:45:00","epijim/r-pharma","github.com"
"PushEvent",2021-03-26,"2021-03-26 14:16:48","epijim/r-pharma","github.com"
"PushEvent",2021-03-26,"2021-03-26 14:22:17","epijim/r-pharma","github.com"
"PushEvent",2021-03-26,"2021-03-26 14:36:30","epijim/r-pharma","github.com"
"PushEvent",2021-03-26,"2021-03-26 14:46:29","epijim/r-pharma","github.com"
"PushEvent",2021-03-26,"2021-03-26 14:50:11","rinpharma/rinpharma-data","github.com"
"PushEvent",2021-03-26,"2021-03-26 14:55:02","epijim/r-pharma","github.com"
"PushEvent",2021-03-26,"2021-03-26 14:57:58","rinpharma/rinpharma-data","github.com"
"PushEvent",2021-03-26,"2021-03-26 15:06:45","epijim/r-pharma","github.com"
"PushEvent",2021-03-26,"2021-03-26 15:09:07","rinpharma/rinpharma-data","github.com"
"PushEvent",2021-03-26,"2021-03-26 15:21:42","epijim/r-pharma","github.com"
"PushEvent",2021-03-26,"2021-03-26 15:24:52","rinpharma/rinpharma-data","github.com"
"PushEvent",2021-03-26,"2021-03-26 15:24:56","rinpharma/rinpharma-data","github.com"
"PushEvent",2021-03-26,"2021-03-26 15:33:03","epijim/r-pharma","github.com"
"PushEvent",2021-03-26,"2021-03-26 15:35:51","rinpharma/rinpharma-data","github.com"
"PushEvent",2021-03-26,"2021-03-26 15:35:56","rinpharma/rinpharma-data","github.com"
"PushEvent",2021-03-26,"2021-03-26 18:05:25","epijim/r-pharma","github.com"
"PullRequestEvent",2021-03-26,"2021-03-26 18:06:20","epijim/r-pharma","github.com"
"PushEvent",2021-03-26,"2021-03-26 18:06:21","epijim/r-pharma","github.com"
"PushEvent",2021-03-26,"2021-03-26 18:09:39","rinpharma/rinpharma-data","github.com"
"PushEvent",2021-03-26,"2021-03-26 18:09:44","rinpharma/rinpharma-data","github.com"
"PushEvent",2021-03-26,"2021-03-26 18:14:10","epijim/r-pharma","github.com"
"PushEvent",2021-03-26,"2021-03-26 18:16:47","rinpharma/rinpharma-data","github.com"
"PushEvent",2021-03-26,"2021-03-26 18:16:52","rinpharma/rinpharma-data","github.com"
"PushEvent",2021-03-26,"2021-03-26 20:40:54","epijim/r-pharma","github.com"
"PushEvent",2021-03-26,"2021-03-26 20:43:24","rinpharma/rinpharma-data","github.com"
"PushEvent",2021-03-26,"2021-03-26 20:43:28","rinpharma/rinpharma-data","github.com"
"PushEvent",2021-03-27,"2021-03-27 08:17:33","epijim/r-pharma","github.com"
"PushEvent",2021-03-27,"2021-03-27 08:19:47","rinpharma/rinpharma-data","github.com"
"PushEvent",2021-03-27,"2021-03-27 08:19:51","rinpharma/rinpharma-data","github.com"
"PushEvent",2021-03-29,"2021-03-29 08:37:56","epijim/pins_data","github.com"
"PushEvent",2021-03-29,"2021-03-29 08:37:57","epijim/pins_data","github.com"
"PushEvent",2021-03-29,"2021-03-29 08:38:08","epijim/pins_data","github.com"
"CreateEvent",2021-03-29,"2021-03-29 14:11:56","DSX/dsx_metadata","github.roche.com"
"CreateEvent",2021-03-29,"2021-03-29 14:14:31","DSX/dsx_metadata","github.roche.com"
"CreateEvent",2021-03-29,"2021-03-29 14:14:32","DSX/dsx_metadata","github.roche.com"
"PushEvent",2021-03-29,"2021-03-29 14:14:39","DSX/dsx_metadata","github.roche.com"
"PushEvent",2021-03-29,"2021-03-29 14:15:01","DSX/dsx_metadata","github.roche.com"
"PushEvent",2021-03-29,"2021-03-29 14:19:41","DSX/dsx_metadata","github.roche.com"
"PushEvent",2021-03-31,"2021-03-31 07:51:54","DSX/dsx_metadata","github.roche.com"
"CreateEvent",2021-03-31,"2021-03-31 08:22:43","DSX/dsx","github.roche.com"
"CreateEvent",2021-03-31,"2021-03-31 08:23:40","DSX/dsx","github.roche.com"
"CreateEvent",2021-03-31,"2021-03-31 08:25:06","DSX/dsx","github.roche.com"
"PushEvent",2021-03-31,"2021-03-31 20:11:28","DSX/dsx_metadata","github.roche.com"
"CreateEvent",2021-04-01,"2021-04-01 14:45:29","rinpharma/rinpharma-data","github.com"
"CreateEvent",2021-04-02,"2021-04-02 10:14:15","RConsortium/r-pharma","github.com"
"ReleaseEvent",2021-04-02,"2021-04-02 10:14:15","RConsortium/r-pharma","github.com"
"PushEvent",2021-04-02,"2021-04-02 10:22:51","epijim/r-pharma","github.com"
"PullRequestEvent",2021-04-02,"2021-04-02 10:24:17","RConsortium/r-pharma","github.com"
"PullRequestEvent",2021-04-02,"2021-04-02 10:24:33","RConsortium/r-pharma","github.com"
"PushEvent",2021-04-02,"2021-04-02 10:24:49","RConsortium/r-pharma","github.com"
"PushEvent",2021-04-02,"2021-04-02 10:25:08","rinpharma/rinpharma-data","github.com"
"PushEvent",2021-04-02,"2021-04-02 10:25:11","RConsortium/r-pharma","github.com"
"PushEvent",2021-04-02,"2021-04-02 10:25:13","rinpharma/rinpharma-data","github.com"
"PushEvent",2021-04-02,"2021-04-02 10:27:28","rinpharma/rinpharma-data","github.com"
"PushEvent",2021-04-02,"2021-04-02 10:27:32","rinpharma/rinpharma-data","github.com"
"PushEvent",2021-04-02,"2021-04-02 10:28:00","rinpharma/rinpharma-data","github.com"
"PushEvent",2021-04-02,"2021-04-02 10:28:04","rinpharma/rinpharma-data","github.com"
"PushEvent",2021-04-02,"2021-04-02 10:39:09","RConsortium/r-pharma","github.com"
"PullRequestEvent",2021-04-02,"2021-04-02 10:39:52","RConsortium/r-pharma","github.com"
"PullRequestEvent",2021-04-02,"2021-04-02 10:40:03","RConsortium/r-pharma","github.com"
"PushEvent",2021-04-02,"2021-04-02 10:40:04","RConsortium/r-pharma","github.com"
"PushEvent",2021-04-02,"2021-04-02 10:42:18","rinpharma/rinpharma-data","github.com"
"PushEvent",2021-04-02,"2021-04-02 10:42:24","rinpharma/rinpharma-data","github.com"
"DeleteEvent",2021-04-02,"2021-04-02 10:42:45","RConsortium/r-pharma","github.com"
"DeleteEvent",2021-04-02,"2021-04-02 10:42:47","RConsortium/r-pharma","github.com"
"DeleteEvent",2021-04-02,"2021-04-02 10:42:48","RConsortium/r-pharma","github.com"
"DeleteEvent",2021-04-02,"2021-04-02 10:42:49","RConsortium/r-pharma","github.com"
"DeleteEvent",2021-04-02,"2021-04-02 10:42:53","RConsortium/r-pharma","github.com"
"DeleteEvent",2021-04-02,"2021-04-02 10:42:54","RConsortium/r-pharma","github.com"
"DeleteEvent",2021-04-02,"2021-04-02 10:42:55","RConsortium/r-pharma","github.com"
"DeleteEvent",2021-04-02,"2021-04-02 10:42:56","RConsortium/r-pharma","github.com"
"DeleteEvent",2021-04-02,"2021-04-02 10:42:57","RConsortium/r-pharma","github.com"
"DeleteEvent",2021-04-02,"2021-04-02 10:43:05","RConsortium/r-pharma","github.com"
"CreateEvent",2021-04-02,"2021-04-02 11:33:14","RConsortium/r-pharma","github.com"
"PullRequestEvent",2021-04-02,"2021-04-02 11:33:28","RConsortium/r-pharma","github.com"
"PullRequestEvent",2021-04-02,"2021-04-02 11:33:34","RConsortium/r-pharma","github.com"
"PushEvent",2021-04-02,"2021-04-02 11:33:35","RConsortium/r-pharma","github.com"
"CreateEvent",2021-04-02,"2021-04-02 11:34:25","RConsortium/r-pharma","github.com"
"PullRequestEvent",2021-04-02,"2021-04-02 11:34:27","RConsortium/r-pharma","github.com"
"PushEvent",2021-04-02,"2021-04-02 11:34:34","RConsortium/r-pharma","github.com"
"PullRequestEvent",2021-04-02,"2021-04-02 11:34:34","RConsortium/r-pharma","github.com"
"DeleteEvent",2021-04-02,"2021-04-02 11:34:36","RConsortium/r-pharma","github.com"
"DeleteEvent",2021-04-02,"2021-04-02 11:34:47","RConsortium/r-pharma","github.com"
"PushEvent",2021-04-02,"2021-04-02 11:36:04","rinpharma/rinpharma-data","github.com"
"PushEvent",2021-04-02,"2021-04-02 11:36:09","rinpharma/rinpharma-data","github.com"
"PushEvent",2021-04-02,"2021-04-02 11:37:03","rinpharma/rinpharma-data","github.com"
"PushEvent",2021-04-02,"2021-04-02 11:37:07","rinpharma/rinpharma-data","github.com"
"PushEvent",2021-04-02,"2021-04-02 13:56:11","epijim/epijim_code","github.com"
"PushEvent",2021-04-02,"2021-04-02 18:10:28","epijim/epijim_code","github.com"
"PushEvent",2021-04-02,"2021-04-02 18:12:21","epijim/epijim_code","github.com"
"ForkEvent",2021-04-02,"2021-04-02 18:18:52","AEnterprise/rsync-deploy","github.com"
"PushEvent",2021-04-02,"2021-04-02 18:24:37","epijim/epijim_code","github.com"
"PushEvent",2021-04-02,"2021-04-02 18:28:14","epijim/epijim_code","github.com"
"PushEvent",2021-04-02,"2021-04-02 18:31:43","rinpharma/rinpharma-data","github.com"
"PushEvent",2021-04-02,"2021-04-02 18:31:50","epijim/pins_data","github.com"
"PushEvent",2021-02-04,"2021-02-04 19:15:55","openpharma/GithubMetrics","github.com"
"PushEvent",2021-02-04,"2021-02-04 19:20:51","openpharma/GithubMetrics","github.com"
"PushEvent",2021-02-04,"2021-02-04 19:22:16","openpharma/GithubMetrics","github.com"
"PushEvent",2021-02-04,"2021-02-04 19:50:24","openpharma/GithubMetrics","github.com"
"PushEvent",2021-02-04,"2021-02-04 21:08:39","openpharma/GithubMetrics","github.com"
"PushEvent",2021-02-04,"2021-02-04 21:40:12","openpharma/GithubMetrics","github.com"
"CreateEvent",2021-02-04,"2021-02-04 21:45:54","openpharma/visR","github.com"
"PushEvent",2021-02-04,"2021-02-04 21:58:08","openpharma/visR","github.com"
"PushEvent",2021-02-04,"2021-02-04 21:58:33","openpharma/visR","github.com"
"PullRequestEvent",2021-02-04,"2021-02-04 21:59:28","openpharma/visR","github.com"
"PushEvent",2021-02-04,"2021-02-04 22:00:19","openpharma/visR","github.com"
"PullRequestEvent",2021-02-04,"2021-02-04 22:00:19","openpharma/visR","github.com"
"WatchEvent",2021-02-06,"2021-02-06 13:28:30","jorvlan/raincloudplots","github.com"
"IssuesEvent",2021-02-06,"2021-02-06 21:05:00","openpharma/GithubMetrics","github.com"
"IssueCommentEvent",2021-02-06,"2021-02-06 21:09:04","openpharma/GithubMetrics","github.com"
"CreateEvent",2021-02-07,"2021-02-07 12:31:33","openpharma/GithubMetrics","github.com"
"IssueCommentEvent",2021-02-07,"2021-02-07 12:32:02","openpharma/GithubMetrics","github.com"
"PushEvent",2021-02-07,"2021-02-07 16:22:45","openpharma/GithubMetrics","github.com"
"CreateEvent",2021-02-07,"2021-02-07 16:47:43","epijim/pins_data","github.com"
"CreateEvent",2021-02-07,"2021-02-07 16:47:56","epijim/pins_data","github.com"
"PushEvent",2021-02-07,"2021-02-07 16:51:40","epijim/pins_data","github.com"
"PushEvent",2021-02-07,"2021-02-07 20:02:46","openpharma/GithubMetrics","github.com"
"PushEvent",2021-02-07,"2021-02-07 20:04:39","epijim/pins_data","github.com"
"PushEvent",2021-02-07,"2021-02-07 20:08:23","openpharma/GithubMetrics","github.com"
"PushEvent",2021-02-07,"2021-02-07 20:10:08","epijim/pins_data","github.com"
"PushEvent",2021-02-07,"2021-02-07 20:11:01","epijim/pins_data","github.com"
"PushEvent",2021-02-07,"2021-02-07 21:15:06","epijim/pins_data","github.com"
"PushEvent",2021-02-07,"2021-02-07 21:34:31","epijim/pins_data","github.com"
"PushEvent",2021-02-08,"2021-02-08 07:49:59","openpharma/GithubMetrics","github.com"
"PushEvent",2021-02-08,"2021-02-08 07:52:29","epijim/pins_data","github.com"
"PushEvent",2021-02-08,"2021-02-08 07:53:17","epijim/pins_data","github.com"
"PushEvent",2021-02-08,"2021-02-08 08:01:34","epijim/pins_data","github.com"
"PushEvent",2021-02-08,"2021-02-08 08:01:39","epijim/pins_data","github.com"
"PushEvent",2021-02-08,"2021-02-08 08:03:22","epijim/pins_data","github.com"
"PushEvent",2021-02-08,"2021-02-08 08:03:24","epijim/pins_data","github.com"
"PushEvent",2021-02-08,"2021-02-08 08:06:00","epijim/pins_data","github.com"
"PushEvent",2021-02-08,"2021-02-08 08:06:03","epijim/pins_data","github.com"
"PushEvent",2021-02-08,"2021-02-08 08:08:41","epijim/pins_data","github.com"
"PushEvent",2021-02-08,"2021-02-08 08:28:20","epijim/pins_data","github.com"
"PushEvent",2021-02-08,"2021-02-08 08:29:14","epijim/pins_data","github.com"
"PushEvent",2021-02-08,"2021-02-08 08:29:40","epijim/pins_data","github.com"
"PushEvent",2021-02-08,"2021-02-08 08:29:42","epijim/pins_data","github.com"
"PushEvent",2021-02-08,"2021-02-08 08:37:10","epijim/pins_data","github.com"
"PushEvent",2021-02-08,"2021-02-08 08:37:13","epijim/pins_data","github.com"
"PushEvent",2021-02-08,"2021-02-08 08:38:53","epijim/pins_data","github.com"
"PushEvent",2021-02-08,"2021-02-08 08:38:55","epijim/pins_data","github.com"
"PushEvent",2021-02-08,"2021-02-08 21:17:41","epijim/pins_data","github.com"
"PushEvent",2021-02-08,"2021-02-08 21:17:46","epijim/pins_data","github.com"
"PushEvent",2021-02-08,"2021-02-08 21:19:58","epijim/pins_data","github.com"
"PushEvent",2021-02-08,"2021-02-08 21:20:01","epijim/pins_data","github.com"
"PushEvent",2021-02-08,"2021-02-08 21:36:07","epijim/pins_data","github.com"
"PushEvent",2021-02-08,"2021-02-08 21:44:58","epijim/pins_data","github.com"
"PushEvent",2021-02-08,"2021-02-08 21:45:03","epijim/pins_data","github.com"
"PushEvent",2021-02-08,"2021-02-08 21:47:24","epijim/pins_data","github.com"
"ForkEvent",2021-01-07,"2021-01-07 18:54:42","deepankardatta/AppleHealthAnalysis","github.com"
"CreateEvent",2021-01-07,"2021-01-07 19:01:55","epijim/AppleHealthAnalysis","github.com"
"CreateEvent",2021-01-10,"2021-01-10 21:05:40","epijim/epijim_code","github.com"
"PushEvent",2021-01-10,"2021-01-10 22:09:53","epijim/epijim_code","github.com"
"PushEvent",2021-01-10,"2021-01-10 22:25:59","epijim/epijim_code","github.com"
"WatchEvent",2021-01-11,"2021-01-11 16:58:19","connorrothschild/connorrothschild.com","github.com"
"PushEvent",2021-01-11,"2021-01-11 21:42:42","epijim/epijim_code","github.com"
"PushEvent",2021-01-11,"2021-01-11 22:06:21","epijim/epijim_code","github.com"
"PushEvent",2021-01-11,"2021-01-11 22:14:00","epijim/epijim_code","github.com"
"PushEvent",2021-01-11,"2021-01-11 22:49:01","epijim/epijim_code","github.com"
"PushEvent",2021-01-14,"2021-01-14 23:06:22","epijim/epijim_code","github.com"
"PushEvent",2021-01-16,"2021-01-16 21:40:07","epijim/epijim_code","github.com"
"ForkEvent",2021-01-17,"2021-01-17 18:52:34","wowchemy/wowchemy-hugo-modules","github.com"
"PushEvent",2021-01-17,"2021-01-17 19:46:24","epijim/epijim_code","github.com"
"PushEvent",2021-01-19,"2021-01-19 07:57:48","epijim/epijim_code","github.com"
"CreateEvent",2021-01-19,"2021-01-19 21:52:14","epijim/FootballData","github.com"
"CreateEvent",2021-01-19,"2021-01-19 21:52:38","epijim/FootballData","github.com"
"PushEvent",2021-01-19,"2021-01-19 21:53:33","epijim/FootballData","github.com"
"PushEvent",2021-01-20,"2021-01-20 20:04:28","epijim/epijim_code","github.com"
"PushEvent",2021-01-21,"2021-01-21 21:42:35","epijim/FootballData","github.com"
"PushEvent",2021-01-23,"2021-01-23 20:46:01","epijim/FootballData","github.com"
"PushEvent",2021-01-25,"2021-01-25 21:42:42","epijim/FootballData","github.com"
"CreateEvent",2021-01-26,"2021-01-26 07:31:40","epijim/cv","github.com"
"CreateEvent",2021-01-26,"2021-01-26 07:31:42","epijim/cv","github.com"
"PushEvent",2021-01-26,"2021-01-26 07:31:46","epijim/cv","github.com"
"PushEvent",2021-01-26,"2021-01-26 07:31:54","epijim/cv","github.com"
"PushEvent",2021-01-26,"2021-01-26 09:00:49","epijim/cv","github.com"
"PushEvent",2021-01-26,"2021-01-26 09:35:10","epijim/cv","github.com"
"PushEvent",2021-01-26,"2021-01-26 13:19:43","epijim/cv","github.com"
"PushEvent",2021-01-26,"2021-01-26 14:29:23","epijim/cv","github.com"
"PushEvent",2021-01-26,"2021-01-26 14:32:33","epijim/cv","github.com"
"PushEvent",2021-01-26,"2021-01-26 14:38:47","epijim/cv","github.com"
"CreateEvent",2021-01-26,"2021-01-26 14:53:05","epijim/cv","github.com"
"PushEvent",2021-01-26,"2021-01-26 14:53:06","epijim/cv","github.com"
"DeleteEvent",2021-01-26,"2021-01-26 14:53:08","epijim/cv","github.com"
"PushEvent",2021-01-26,"2021-01-26 15:32:50","epijim/cv","github.com"
"PushEvent",2021-01-26,"2021-01-26 16:08:01","epijim/cv","github.com"
"PushEvent",2021-01-26,"2021-01-26 16:20:40","epijim/cv","github.com"
"CreateEvent",2021-01-26,"2021-01-26 19:58:50","epijim/cv","github.com"
"PushEvent",2021-01-26,"2021-01-26 20:06:57","epijim/cv","github.com"
"PushEvent",2021-01-26,"2021-01-26 20:08:43","epijim/cv","github.com"
"PushEvent",2021-01-26,"2021-01-26 20:19:48","epijim/cv","github.com"
"PushEvent",2021-01-26,"2021-01-26 20:32:47","epijim/cv","github.com"
"PushEvent",2021-01-26,"2021-01-26 20:39:47","epijim/cv","github.com"
"PushEvent",2021-01-26,"2021-01-26 20:40:44","epijim/cv","github.com"
"PushEvent",2021-01-26,"2021-01-26 20:41:04","epijim/cv","github.com"
"PushEvent",2021-01-26,"2021-01-26 20:42:17","epijim/cv","github.com"
"PushEvent",2021-01-26,"2021-01-26 20:42:31","epijim/cv","github.com"
"PushEvent",2021-01-26,"2021-01-26 20:42:42","epijim/cv","github.com"
"PushEvent",2021-01-26,"2021-01-26 20:42:54","epijim/cv","github.com"
"PushEvent",2021-01-26,"2021-01-26 20:43:06","epijim/cv","github.com"
"PushEvent",2021-01-26,"2021-01-26 20:44:31","epijim/cv","github.com"
"PushEvent",2021-01-26,"2021-01-26 20:51:33","epijim/cv","github.com"
"PushEvent",2021-01-26,"2021-01-26 20:53:21","epijim/cv","github.com"
"CreateEvent",2021-01-26,"2021-01-26 21:01:23","epijim/cv","github.com"
"PushEvent",2021-01-26,"2021-01-26 21:01:24","epijim/cv","github.com"
"DeleteEvent",2021-01-26,"2021-01-26 21:01:25","epijim/cv","github.com"
"PushEvent",2021-01-26,"2021-01-26 21:01:32","epijim/cv","github.com"
"PushEvent",2021-01-26,"2021-01-26 21:08:56","epijim/cv","github.com"
"PushEvent",2021-01-26,"2021-01-26 21:49:44","epijim/FootballData","github.com"
"PushEvent",2021-01-26,"2021-01-26 22:04:13","epijim/FootballData","github.com"
"PushEvent",2021-01-26,"2021-01-26 22:10:11","epijim/FootballData","github.com"
"PushEvent",2021-01-26,"2021-01-26 22:11:32","epijim/FootballData","github.com"
"CreateEvent",2021-01-27,"2021-01-27 22:03:18","openpharma/GithubMetrics","github.com"
"CreateEvent",2021-01-27,"2021-01-27 22:05:45","openpharma/GithubMetrics","github.com"
"PushEvent",2021-01-27,"2021-01-27 22:22:27","openpharma/GithubMetrics","github.com"
"PushEvent",2021-01-27,"2021-01-27 22:24:20","epijim/FootballData","github.com"
"CreateEvent",2021-01-27,"2021-01-27 22:25:28","openpharma/GithubMetrics","github.com"
"PushEvent",2021-01-27,"2021-01-27 22:25:49","openpharma/GithubMetrics","github.com"
"PushEvent",2021-01-27,"2021-01-27 22:42:32","openpharma/GithubMetrics","github.com"
"PushEvent",2021-01-27,"2021-01-27 22:43:52","openpharma/GithubMetrics","github.com"
"PushEvent",2021-01-27,"2021-01-27 22:47:40","openpharma/GithubMetrics","github.com"
"PushEvent",2021-01-28,"2021-01-28 07:45:36","openpharma/GithubMetrics","github.com"
"PushEvent",2021-01-28,"2021-01-28 08:02:11","openpharma/GithubMetrics","github.com"
"PushEvent",2021-01-28,"2021-01-28 08:02:25","openpharma/GithubMetrics","github.com"
"CreateEvent",2021-01-28,"2021-01-28 18:44:26","openpharma/BBS-causality-training","github.com"
"MemberEvent",2021-01-28,"2021-01-28 19:01:47","openpharma/BBS-causality-training","github.com"
"PushEvent",2021-01-28,"2021-01-28 20:27:44","openpharma/GithubMetrics","github.com"
"PushEvent",2021-01-28,"2021-01-28 20:39:34","openpharma/GithubMetrics","github.com"
"PushEvent",2021-01-28,"2021-01-28 20:49:10","openpharma/GithubMetrics","github.com"
"PushEvent",2021-01-28,"2021-01-28 20:56:33","openpharma/GithubMetrics","github.com"
"PushEvent",2021-01-28,"2021-01-28 21:00:49","openpharma/GithubMetrics","github.com"
"PushEvent",2021-01-28,"2021-01-28 21:08:12","openpharma/GithubMetrics","github.com"
"PushEvent",2021-01-28,"2021-01-28 21:28:44","openpharma/GithubMetrics","github.com"
"PushEvent",2021-01-29,"2021-01-29 21:43:05","openpharma/GithubMetrics","github.com"
"PushEvent",2021-01-30,"2021-01-30 15:50:17","openpharma/GithubMetrics","github.com"
"PushEvent",2021-01-30,"2021-01-30 15:52:12","openpharma/GithubMetrics","github.com"
"PushEvent",2021-01-30,"2021-01-30 22:54:12","epijim/epijim_code","github.com"
"PushEvent",2021-01-30,"2021-01-30 22:54:53","epijim/epijim_code","github.com"
"PushEvent",2021-01-30,"2021-01-30 22:55:15","epijim/epijim_code","github.com"
"PushEvent",2021-02-03,"2021-02-03 07:07:43","openpharma/GithubMetrics","github.com"
"PushEvent",2021-02-03,"2021-02-03 21:30:49","openpharma/GithubMetrics","github.com"
"PushEvent",2021-02-03,"2021-02-03 21:34:24","openpharma/GithubMetrics","github.com"
"IssuesEvent",2021-02-04,"2021-02-04 13:30:37","openpharma/visR","github.com"
"ForkEvent",2020-12-17,"2020-12-17 13:32:00","atom/atom","github.com"
"CreateEvent",2021-02-01,"2021-02-01 17:29:31","RWDScodeshare/TTLADashboard","github.roche.com"
"PushEvent",2021-02-01,"2021-02-01 17:30:07","RWDScodeshare/TTLADashboard","github.roche.com"
"PullRequestEvent",2021-02-01,"2021-02-01 17:30:54","RWDScodeshare/TTLADashboard","github.roche.com"
"PushEvent",2021-02-01,"2021-02-01 17:53:29","RWDScodeshare/TTLADashboard","github.roche.com"
"CreateEvent",2020-11-26,"2020-11-26 13:56:53","openpharma/facetsr","github.com"
"MemberEvent",2020-11-26,"2020-11-26 14:20:09","openpharma/facetsr","github.com"
"WatchEvent",2021-01-26,"2021-01-26 18:36:39","gowerc/RR-Initiative","github.roche.com"
"PushEvent",2020-11-19,"2020-11-19 14:00:52","openpharma/visR","github.com"
"PullRequestReviewEvent",2020-11-19,"2020-11-19 14:02:16","openpharma/visR","github.com"
"PullRequestEvent",2020-11-19,"2020-11-19 14:02:26","openpharma/visR","github.com"
"PushEvent",2020-11-19,"2020-11-19 14:02:31","openpharma/visR","github.com"
"PushEvent",2020-11-19,"2020-11-19 14:30:50","openpharma/visR","github.com"
"CreateEvent",2020-11-19,"2020-11-19 15:08:49","openpharma/visR","github.com"
"PushEvent",2021-01-15,"2021-01-15 10:02:23","RWDScodeshare/TTLAcohorts","github.roche.com"
"CreateEvent",2021-01-15,"2021-01-15 10:04:06","PHC/PHC-901","github.roche.com"
"PushEvent",2021-01-15,"2021-01-15 10:45:06","PHC/PHC-901","github.roche.com"
"PushEvent",2021-01-15,"2021-01-15 11:43:28","PHC/PHC-901","github.roche.com"
"PushEvent",2021-01-15,"2021-01-15 11:55:48","PHC/PHC-901","github.roche.com"
"PushEvent",2021-01-15,"2021-01-15 12:31:31","PHC/PHC-901","github.roche.com"
"PushEvent",2021-01-15,"2021-01-15 13:08:52","PHC/PHC-901","github.roche.com"
"MemberEvent",2021-01-19,"2021-01-19 11:53:46","PHC/PHC-799","github.roche.com"
"CreateEvent",2021-01-19,"2021-01-19 12:02:21","E4ATI/RocheReportingTemplate","github.roche.com"
"PushEvent",2021-01-19,"2021-01-19 12:03:23","E4ATI/RocheReportingTemplate","github.roche.com"
"PullRequestEvent",2021-01-19,"2021-01-19 12:03:58","E4ATI/RocheReportingTemplate","github.roche.com"
"PullRequestEvent",2021-01-19,"2021-01-19 12:04:21","E4ATI/RocheReportingTemplate","github.roche.com"
"PushEvent",2021-01-19,"2021-01-19 12:04:22","E4ATI/RocheReportingTemplate","github.roche.com"
"DeleteEvent",2021-01-19,"2021-01-19 12:04:24","E4ATI/RocheReportingTemplate","github.roche.com"
"MemberEvent",2021-01-19,"2021-01-19 15:23:33","RWDScodeshare/PHCanalytics","github.roche.com"
"PushEvent",2021-01-20,"2021-01-20 21:01:03","RWDScodeshare/phcMetadata","github.roche.com"
"CreateEvent",2021-01-21,"2021-01-21 08:55:04","RWDScodeshare/RocheLogin","github.roche.com"
"PushEvent",2021-01-21,"2021-01-21 09:02:56","RWDScodeshare/RocheLogin","github.roche.com"
"PullRequestEvent",2021-01-21,"2021-01-21 09:04:07","RWDScodeshare/RocheLogin","github.roche.com"
"PushEvent",2021-01-21,"2021-01-21 09:27:38","RWDScodeshare/RocheLogin","github.roche.com"
"PullRequestEvent",2021-01-21,"2021-01-21 09:30:50","RWDScodeshare/RocheLogin","github.roche.com"
"IssueCommentEvent",2021-01-21,"2021-01-21 09:31:50","RWDScodeshare/RocheLogin","github.roche.com"
"IssueCommentEvent",2021-01-21,"2021-01-21 12:28:46","RWDScodeshare/RocheLogin","github.roche.com"
"PushEvent",2021-01-21,"2021-01-21 13:00:49","RWDScodeshare/RocheLogin","github.roche.com"
"PushEvent",2021-01-12,"2021-01-12 10:08:08","PHC/PHC-901","github.roche.com"
"PushEvent",2021-01-12,"2021-01-12 12:02:57","PHC/PHC-901","github.roche.com"
"PushEvent",2021-01-12,"2021-01-12 13:34:10","PHC/PHC-901","github.roche.com"
"PushEvent",2021-01-12,"2021-01-12 13:41:55","PHC/PHC-901","github.roche.com"
"PushEvent",2021-01-12,"2021-01-12 14:04:14","PHC/PHC-901","github.roche.com"
"PushEvent",2021-01-12,"2021-01-12 14:08:18","PHC/PHC-901","github.roche.com"
"PushEvent",2021-01-12,"2021-01-12 14:15:06","PHC/PHC-901","github.roche.com"
"PushEvent",2021-01-12,"2021-01-12 14:23:33","PHC/PHC-901","github.roche.com"
"PushEvent",2021-01-12,"2021-01-12 14:25:40","PHC/PHC-901","github.roche.com"
"PushEvent",2021-01-12,"2021-01-12 14:27:47","PHC/PHC-901","github.roche.com"
"ForkEvent",2021-01-12,"2021-01-12 14:39:58","RWDScodeshare/TTLAcohorts","github.roche.com"
"ForkEvent",2021-01-12,"2021-01-12 14:41:03","Rpackages/rice","github.roche.com"
"PullRequestEvent",2021-01-12,"2021-01-12 15:29:07","RWDScodeshare/TTLAcohorts","github.roche.com"
"PushEvent",2021-01-12,"2021-01-12 15:32:14","RWDScodeshare/TTLAcohorts","github.roche.com"
"PullRequestEvent",2021-01-12,"2021-01-12 15:32:15","RWDScodeshare/TTLAcohorts","github.roche.com"
"PushEvent",2021-01-12,"2021-01-12 15:55:14","PHC/PHC-901","github.roche.com"
"PushEvent",2021-01-12,"2021-01-12 16:10:10","PHC/PHC-901","github.roche.com"
"PushEvent",2021-01-12,"2021-01-12 16:11:25","PHC/PHC-901","github.roche.com"
"PushEvent",2021-01-12,"2021-01-12 16:18:51","PHC/PHC-901","github.roche.com"
"PushEvent",2021-01-12,"2021-01-12 16:21:40","PHC/PHC-901","github.roche.com"
"PushEvent",2021-01-12,"2021-01-12 16:24:58","PHC/PHC-901","github.roche.com"
"PushEvent",2021-01-12,"2021-01-12 16:32:00","blackj9/TTLAcohorts","github.roche.com"
"PushEvent",2021-01-12,"2021-01-12 16:47:52","PHC/PHC-901","github.roche.com"
"PushEvent",2021-01-12,"2021-01-12 17:01:12","PHC/PHC-901","github.roche.com"
"PushEvent",2021-01-12,"2021-01-12 17:03:24","PHC/PHC-901","github.roche.com"
"PushEvent",2021-01-12,"2021-01-12 18:25:08","PHC/PHC-901","github.roche.com"
"PushEvent",2021-01-12,"2021-01-12 18:45:21","PHC/PHC-901","github.roche.com"
"PushEvent",2021-01-12,"2021-01-12 18:47:05","PHC/PHC-901","github.roche.com"
"PushEvent",2021-01-12,"2021-01-12 19:05:42","PHC/PHC-901","github.roche.com"
"PushEvent",2021-01-12,"2021-01-12 19:34:46","PHC/PHC-901","github.roche.com"
"PushEvent",2021-01-12,"2021-01-12 19:39:18","PHC/PHC-901","github.roche.com"
"PushEvent",2021-01-13,"2021-01-13 12:08:55","PHC/PHC-901","github.roche.com"
"PushEvent",2021-01-13,"2021-01-13 12:17:38","PHC/PHC-901","github.roche.com"
"PushEvent",2021-01-13,"2021-01-13 14:15:14","PHC/PHC-901","github.roche.com"
"PushEvent",2021-01-13,"2021-01-13 14:46:29","PHC/PHC-901","github.roche.com"
"PushEvent",2021-01-13,"2021-01-13 14:49:26","PHC/PHC-901","github.roche.com"
"IssueCommentEvent",2021-01-13,"2021-01-13 15:04:00","RWDScodeshare/RocheData","github.roche.com"
"IssueCommentEvent",2021-01-13,"2021-01-13 15:04:33","RWDScodeshare/RocheData","github.roche.com"
"IssueCommentEvent",2021-01-13,"2021-01-13 15:05:21","RWDScodeshare/RocheData","github.roche.com"
"PushEvent",2021-01-13,"2021-01-13 15:16:13","PHC/PHC-901","github.roche.com"
"PushEvent",2021-01-13,"2021-01-13 15:36:23","PHC/PHC-901","github.roche.com"
"PushEvent",2021-01-13,"2021-01-13 16:13:42","PHC/PHC-901","github.roche.com"
"PushEvent",2021-01-13,"2021-01-13 17:13:34","PHC/PHC-901","github.roche.com"
"PushEvent",2021-01-13,"2021-01-13 17:21:00","PHC/PHC-901","github.roche.com"
"PushEvent",2021-01-13,"2021-01-13 17:36:27","PHC/PHC-901","github.roche.com"
"PushEvent",2021-01-14,"2021-01-14 08:30:55","PHC/PHC-901","github.roche.com"
"PushEvent",2021-01-14,"2021-01-14 09:03:26","PHC/PHC-901","github.roche.com"
"PushEvent",2021-01-14,"2021-01-14 09:11:24","PHC/PHC-901","github.roche.com"
"PushEvent",2021-01-14,"2021-01-14 10:16:15","PHC/PHC-901","github.roche.com"
"PushEvent",2021-01-14,"2021-01-14 10:24:15","PHC/PHC-901","github.roche.com"
"PushEvent",2021-01-14,"2021-01-14 15:58:21","PHC/PHC-901","github.roche.com"
"PushEvent",2021-01-14,"2021-01-14 16:04:28","PHC/PHC-901","github.roche.com"
"PushEvent",2021-01-14,"2021-01-14 16:12:21","PHC/PHC-901","github.roche.com"
"PushEvent",2021-01-14,"2021-01-14 16:52:55","PHC/PHC-901","github.roche.com"
"PushEvent",2021-01-14,"2021-01-14 17:33:51","PHC/PHC-901","github.roche.com"
"PushEvent",2021-01-14,"2021-01-14 17:50:24","PHC/PHC-901","github.roche.com"
"PushEvent",2021-01-14,"2021-01-14 17:58:13","PHC/PHC-901","github.roche.com"
"PushEvent",2021-01-14,"2021-01-14 18:06:00","PHC/PHC-901","github.roche.com"
"PushEvent",2021-01-14,"2021-01-14 18:13:59","PHC/PHC-901","github.roche.com"
"CreateEvent",2021-01-14,"2021-01-14 18:28:14","PHC/PHC-901","github.roche.com"
"PushEvent",2021-01-14,"2021-01-14 18:28:36","PHC/PHC-901","github.roche.com"
"PullRequestEvent",2021-01-14,"2021-01-14 18:38:24","PHC/PHC-901","github.roche.com"
"PullRequestEvent",2021-01-14,"2021-01-14 18:48:56","PHC/PHC-901","github.roche.com"
"PushEvent",2021-01-14,"2021-01-14 18:48:58","PHC/PHC-901","github.roche.com"
"PushEvent",2021-01-14,"2021-01-14 18:58:05","PHC/PHC-901","github.roche.com"
"PushEvent",2021-01-14,"2021-01-14 19:10:36","PHC/PHC-901","github.roche.com"
"PushEvent",2021-01-14,"2021-01-14 19:18:50","PHC/PHC-901","github.roche.com"
"PushEvent",2021-01-14,"2021-01-14 19:27:08","PHC/PHC-901","github.roche.com"
"CreateEvent",2021-01-14,"2021-01-14 19:29:01","PHC/PHC-901","github.roche.com"
"PushEvent",2021-01-14,"2021-01-14 19:32:16","PHC/PHC-901","github.roche.com"
"PullRequestEvent",2021-01-14,"2021-01-14 19:33:05","PHC/PHC-901","github.roche.com"
"PullRequestEvent",2021-01-14,"2021-01-14 19:57:22","PHC/PHC-901","github.roche.com"
"PushEvent",2021-01-14,"2021-01-14 19:57:23","PHC/PHC-901","github.roche.com"
"CreateEvent",2021-01-11,"2021-01-11 08:19:28","RWDScodeshare/TTLAcohorts","github.roche.com"
"PushEvent",2021-01-11,"2021-01-11 12:50:21","RWDScodeshare/TTLAcohorts-docs","github.roche.com"
"PushEvent",2021-01-11,"2021-01-11 13:18:35","PHC/PHC-901","github.roche.com"
"PushEvent",2021-01-11,"2021-01-11 14:10:25","RWDScodeshare/TTLAcohorts","github.roche.com"
"PushEvent",2021-01-11,"2021-01-11 15:38:33","RWDScodeshare/TTLAcohorts-docs","github.roche.com"
"PushEvent",2021-01-11,"2021-01-11 15:57:42","RWDScodeshare/TTLAcohorts-docs","github.roche.com"
"PushEvent",2021-01-11,"2021-01-11 15:59:50","RWDScodeshare/TTLAcohorts","github.roche.com"
"PushEvent",2021-01-11,"2021-01-11 16:18:58","RWDScodeshare/TTLAcohorts-docs","github.roche.com"
"PushEvent",2021-01-11,"2021-01-11 16:26:07","RWDScodeshare/TTLAcohorts","github.roche.com"
"PushEvent",2021-01-07,"2021-01-07 08:42:28","RWDScodeshare/TTLAcohorts-docs","github.roche.com"
"PushEvent",2021-01-07,"2021-01-07 09:37:02","RWDScodeshare/TTLAcohorts-docs","github.roche.com"
"PushEvent",2021-01-07,"2021-01-07 10:31:59","RWDScodeshare/TTLAcohorts","github.roche.com"
"PushEvent",2021-01-07,"2021-01-07 10:35:11","PHC/PHC-901","github.roche.com"
